USA,Germany,Brazil,Australia,Japan,China,India,Mexico,Canada,UK,Russia,Mali,Cameroon,South Africa,Nigeria
www.amazon.com,www.amazon.de,www.amazon.com.br,www.amazon.com.au,www.amazon.co.jp,www.amazon.cn,www.amazon.in,www.amazon.com.mx,www.amazon.ca,www.amazon.co.uk,www.avito.ru,www.jumia.ml,www.jumia.cm,www.jumia.za,www.jumia.ng
www.ebay.com,www.ebay.de,www.mercadolivre.com.br,www.ebay.com.au,shop.hasbro.com/ja-jp,www.pinduoduo.cn,www.flipkart.in,www.mercadolibre.com.mx,www.kijiji.ca,shop.mattel.com/en-uk,www.wildberries.ru,www.takealot.ml,www.takealot.cm,www.takealot.za,www.takealot.ng
www.walmart.com,www.otto.de,www.americanas.com.br,www.gumtree.com.au,www.toywiz.com/en-jp,www.taobao.cn,shop.hasbro.com/en-in,www.walmart.com.mx,www.walmart.ca,products.hasbro.com/en-gb,www.ozon.ru,www.kilimall.ml,www.kilimall.cm,www.kilimall.za,www.kilimall.ng
www.target.com,www.idealo.de,www.olx.com.br,www.woolworth.com.au,www.kohls.com/en-jp,www.jd.cn,www.toywiz.com/en-in,www.coppel.com,www.ebay.ca,www.toywiz.com/en-de,www.market.yandex.ru,www.konga.ml,www.konga.cm,www.konga.za,www.konga.ng
www.bestbuy.com,www.mediamarket.de,www.magazineluiza.com.br,www.jbhifi.com.au,www.fishpond.com/en-jp/Toys,www.tmaill.cn,www.kohls.com/en-in,www.liverpool.com.mx,www.bestbuy.ca,www.kohls.com/en-de,www.aliexpress.ru,www.bidorbuy.ml,www.bidorbuy.cm,www.bidorbuy.za,www.bidorbuy.ng
www.etsy.com,shop.mattel.com/en-de,shop.mattel.com/en-br,www.toyuniverse.com.au,www.thetoyshop.com/en-jp,www.xiaohongshu.cn,www.fishpond.com/en-in/Toys,shop.mattel.com/en-mx,shop.mattel.com/en-ca,www.fishpond.com/en-de/Toys,www.dns-shop.ru,www.affariyet.ml,www.affariyet.cm,www.affariyet.za,www.affariyet.ng
www.fatbraintoys.com,products.hasbro.com/de-de,products.hasbro.com/pt-br,shop.hasbro.com/en-au,www.ustoy.com/en-jp,www.hasbro.cn,www.thetoyshop.com/en-in,products.hasbro.com/es-mx,shop.hasbro.com/en-ca,www.thetoyshop.com/en-de,www.utkonos.ru,www.afrikrea.ml,www.afrikrea.cm,www.afrikrea.za,www.afrikrea.ng
www.shopdisney.com,www.toywiz.com/en-de,www.toywiz.com/en-br,www.toywiz.com/en-au,www.ebay.co.jp,www.toywiz.com/en-cn,www.ustoy.com/en-in,www.toywiz.com/en-mx,www.toywiz.com/en-ca,www.ustoy.com/en-de,www.citilink.ru,www.zando.ml,www.zando.cm,www.zando.za,www.zando.ng
shop.mattel.com,www.kohls.com/en-de,www.kohls.com/en-br,www.kohls.com/en-au,www.walmart.co.jp,www.kohls.com/en-cn,www.myntra.in,www.kohls.com/en-mx,www.kohls.com/en-ca,www.ebay.co.uk,www.ebay.ru,www.babybliss.com.ml,www.babybliss.com.cm,www.babybliss.com.za,www.babybliss.com.ng
shop.hasbro.com/en-us,www.fishpond.com/en-de/Toys,www.fishpond.com/en-br/Toys,www.fishpond.com/en-au/Toys,www.target.co.jp,www.fishpond.com/en-cn/Toys,www.indiamart.in,www.fishpond.com/en-mx/Toys,www.fishpond.com/en-ca/Toys,www.walmart.co.uk,www.walmart.ru,www.baahe.ml,www.baahe.c,www.baahe.za,www.bayqi.com.ng
www.toywiz.com,www.thetoyshop.com/en-de,www.thetoyshop.com/en-br,www.thetoyshop.com/en-au,www.bestbuy.co.jp,www.thetoyshop.com/en-cn,www.shopclues.in,www.thetoyshop.com/en-mx,www.thetoyshop.com/en-ca,www.target.co.uk,www.target.ru,www.bazar.ml,www.bazar.cm,www.bazar.za,www.bazar.ng
www.kohls.com,www.ustoy.com/en-de,www.ustoy.com/en-br,www.ustoy.com/en-au,www.etsy.co.jp,www.ustoy.com/en-cn,www.ebay.com/en-in,www.ustoy.com/en-mx,www.ustoy.com/en-ca,www.bestbuy.co.uk,www.bestbuy.ru,www.breadfast.com.ml,www.breadfast.com.cm,www.breadfast.com.za,www.breadfast.com.ng
www.fishpond.com/Toys,www.shopdisney.de,www.shopdisney.br,www.shopdisney.com.au,www.fatbraintoys.co.jp,www.ebay.cn,www.patymmall.in,www.ebay.com/en-mx,www.etsy.ca,www.etsy.co.uk,www.etsy.ru,www.brimore.com.ml,www.brimore.com.cm,www.brimore.com.za,www.brimore.com.ng
www.thetoyshop.com,www.walmart.de,www.walmart.br,www.walmart.com.au,www.shopdisney.co.jp,www.shopdisney.cn,www.ajio.in,www.shopdisney.com/en-mx,www.fatbraintoys.ca,www.fatbraintoys.co.uk,www.fatbraintoys.ru,www.easybuyafrica.com.ml,www.easybuyafrica.com.cm,www.easybuyafrica.com.za,www.easybuyafrica.com.ng
www.ustoy.com,www.target.de,www.target.br,www.target.com.au,shop.mattel.co.jp,www.walmart.com/en-cn,www.rediff.in,www.target.com.mx,www.shopdisney.ca,www.shopdisney.co.uk,www.shopdisney.ru,www.auto-plus.ml,www.auto-plus.cm,www.auto-plus.za,www.auto-plus.ng
